Date(YYYY-MM-DD hh:mm:ss),Username,Country Code,Tweet Id,Original Tweet,Cleaned Tweet,Tweet URL,Sentiment Score(-1 <= x <= 1)
2020-10-07 07:59:37,MarketScientist,None,1313750816554020864,Nowadays Trump tweets are more volatile than matketsðŸ¤,Nowadays Trump tweets are more volatile than matkets,https://twitter.com/MarketScientist/status/1313750816554020864,0.5
2020-10-07 07:59:37,K__TequilaShots,gr,1313750815677591552,"My take: Trump probably never had Covid19. Test was false positive as well as the false negatives with rapid testing. 

When you have covid19 or flu like symptoms. You donâ€™t have photo ops and joyrides. Even with meds. You feel more like shit &amp; antisocial https://t.co/yAlp0tKi6I",My take Trump probably never had Covid19 Test was false positive as well as the false negatives with rapid testing When you have covid19 or flu like symptoms You don t have photo ops and joyrides Even with meds You feel more like shit amp antisocial,https://twitter.com/K__TequilaShots/status/1313750815677591552,-0.054545454545454584
2020-10-07 07:59:37,climatemegan,gb,1313750817879412736,Obama only got going on climate in his second term and didn't achieve everything he wanted. Nor did Trump bring back coal.,Obama only got going on climate in his second term and didn t achieve everything he wanted Nor did Trump bring back coal,https://twitter.com/climatemegan/status/1313750817879412736,0.0
2020-10-07 07:59:38,pgprst,None,1313750818508738566,@GarciaTP2 @WordsDawn @PlumptyTrumpty Yup.... attempting same tactic as Trump!,Yup attempting same tactic as Trump,https://twitter.com/pgprst/status/1313750818508738566,0.0
2020-10-07 07:59:38,kmacbean123,gb,1313750819175567360,My birthday is 17th October. Iâ€™m literally wetting myself in hope Trump delivers me the BEST birthday present ever. #ArrestThemAllNow ðŸ’¥ðŸ¥³ðŸ”¥,My birthday is 17th October I m literally wetting myself in hope Trump delivers me the BEST birthday present ever ArrestThemAllNow,https://twitter.com/kmacbean123/status/1313750819175567360,0.5
2020-10-07 07:59:38,rls4605,us,1313750819439808513,"2 passes for a Trump voter:
   1. A chimpanzee often beats you at tic-tac-toe.
    2.",2 passes for a Trump voter 1 A chimpanzee often beats you at tic tac toe 2,https://twitter.com/rls4605/status/1313750819439808513,0.0
2020-10-07 07:59:38,Democratsandli1,None,1313750821943771136,"@realDonaldTrump @MarkMeadows @senatemajldr @kevinomccarthy @SpeakerPelosi @SenSchumer Here's my message to America! ENOUGH WITH THE HATE SPEECH! ALL YOU ATHEISTS NEED TO TURN YOUR HATE SPEECH OFF AND REPENT TO THE GOD ALMIGHTY JESUS! IF AMERICA DOESN'T REPENT, FIRE WILL COME UPON THE NATION! STOP FOCUSING ON TRUMP AND REPENT TO JESUS! HELL AWAITS FOR THE UNSAVED!",Here s my message to America ENOUGH WITH THE HATE SPEECH ALL YOU ATHEISTS NEED TO TURN YOUR HATE SPEECH OFF AND REPENT TO THE GOD ALMIGHTY JESUS IF AMERICA DOESN T REPENT FIRE WILL COME UPON THE NATION STOP FOCUSING ON TRUMP AND REPENT TO JESUS HELL AWAITS FOR THE UNSAVED,https://twitter.com/Democratsandli1/status/1313750821943771136,-0.5333333333333333
2020-10-07 07:59:38,Maggypye1,None,1313750822044536833,@truss1 @NikkiStix55 â€œDonald trump you know is killing thousands of Americansâ€œ,Donald trump you know is killing thousands of Americans,https://twitter.com/Maggypye1/status/1313750822044536833,0.0
2020-10-07 07:59:39,YeeNAssociates,us,1313750822946246657,@realDonaldTrump @FoxNews @OANN @WashTimes @bostonherald @SenMcSallyAZ @LindseyGrahamSC @senatemajldr All Republicans had to do was put country over party. They chose a dictator wannabe instead. #COVID19 #VoteBlueToEndThisNightmare,All Republicans had to do was put country over party They chose a dictator wannabe instead COVID19 VoteBlueToEndThisNightmare,https://twitter.com/YeeNAssociates/status/1313750822946246657,0.0
2020-10-07 07:59:39,moomoobloom,us,1313750823692840960,@yongcheekies mamamoo is gonna help get trump out of office,mamamoo is gonna help get trump out of office,https://twitter.com/moomoobloom/status/1313750823692840960,0.0
2020-10-07 07:59:39,Kennnethnoel,us,1313750826205282305,@AngelaBelcamino @realDonaldTrump Except youâ€™re not looking at who@the real problem is...Pelosi. She is asking for ridiculous things know a Trump will day no so she can try to make him look bad.try looking at the ridiculousness sheâ€™s asking for...,Except you re not looking at who real problem is Pelosi She is asking for ridiculous things know a Trump will day no so she can try to make him look bad try looking at the ridiculousness she s asking for,https://twitter.com/Kennnethnoel/status/1313750826205282305,-0.2777777777777777
2020-10-07 07:59:40,breezy63,us,1313750827668914176,@BillDaniel5 @kurtbardella @JoeBiden Said nobody with a brain ever about Trump and his rambling bullsshit.,Said nobody with a brain ever about Trump and his rambling bullsshit,https://twitter.com/breezy63/status/1313750827668914176,0.0
2020-10-07 07:59:40,sugarised,gb,1313750827761389568,@girlsmudda @AllisonLHedges also i don't get how you don't see the irony in your sentence as trump is a confused perverted old man and he's ''lead'' them the last 4 years,also i don t get how you don t see the irony in your sentence as trump is a confused perverted old man and he s lead them the last 4 years,https://twitter.com/sugarised/status/1313750827761389568,-0.10000000000000002
2020-10-07 07:59:40,pdupieter,za,1313750827845246976,@MaxduPreez How do you even begin to compare Trump witg Ace?,How do you even begin to compare Trump witg Ace,https://twitter.com/pdupieter/status/1313750827845246976,0.0
2020-10-07 07:59:40,lovineleven,us,1313750828268675075,"The margin keeps getting bigger!

Blue wave guys!",The margin keeps getting bigger Blue wave guys,https://twitter.com/lovineleven/status/1313750828268675075,0.0
2020-10-07 07:59:40,entrydenied_,None,1313750829065625600,@SharilynBerry @jessetyler Trump was never in the hospital. He got forced to time travel to infect the people at Rose Garden. The steroids made him forget /s,Trump was never in the hospital He got forced to time travel to infect the people at Rose Garden The steroids made him forget s,https://twitter.com/entrydenied_/status/1313750829065625600,0.14999999999999994
2020-10-07 07:59:40,seaquest1,us,1313750829443289089,@senatemajldr She like trump is a supers preader,She like trump is a supers preader,https://twitter.com/seaquest1/status/1313750829443289089,0.0
2020-10-07 07:59:40,CandiMathis,us,1313750830026235905,"@equiss_folly @AllanBell247 Oh, yeah. She's great. Kevin Kruse also. But again, everyone with credibility has spoken out against Trump",folly Oh yeah She s great Kevin Kruse also But again everyone with credibility has spoken out against Trump,https://twitter.com/CandiMathis/status/1313750830026235905,0.8
2020-10-07 07:59:40,frederickmcfred,None,1313750830538002432,"@DohaMadani Trump has no plan to stop this pandemic.  Counting on a vaccine that may not be available or even work is not a plan.  

This pandemic will continue and these 6 month stop gaps funding programs will not be enough.  

We need a plan to stop this pandemic.",Trump has no plan to stop this pandemic Counting on a vaccine that may not be available or even work is not a plan This pandemic will continue and these 6 month stop gaps funding programs will not be enough We need a plan to stop this pandemic,https://twitter.com/frederickmcfred/status/1313750830538002432,0.2
2020-10-07 07:59:41,AshleyBartels8,us,1313750831280390145,@SpeakerPelosi How does it feel to finally get exposed for the Vile evil person you are.. Iâ€™m glad you got caught at the Salon. We the people are sick of you.. Trump 2020,How does it feel to finally get exposed for the Vile evil person you are I m glad you got caught at the Salon We the people are sick of you Trump 2020,https://twitter.com/AshleyBartels8/status/1313750831280390145,-0.3035714285714286
2020-10-07 07:59:41,GarM1818,us,1313750832513527808,@ocmomforanthem @KSG01217293 @realDonaldTrump Hate Trump @realDonaldTrump,Hate Trump,https://twitter.com/GarM1818/status/1313750832513527808,-0.8
2020-10-07 07:59:41,Jashan_Deep046,None,1313750833234882561,Biden against second debate if Trump still suffers from COVID-19 https://t.co/3sonacY0QK,Biden against second debate if Trump still suffers from COVID 19,https://twitter.com/Jashan_Deep046/status/1313750833234882561,-0.3
2020-10-07 07:59:41,IsabelV78813794,us,1313750834681917441,"@eric_stutzman5 @michellegren19 @jkmyers @theadkpratt @davenewworld_2 Ok! Put the children in danger, because WHO CARES IF KIDS DIE? IT'S NOT THAT BAD, Kids don't DIE that much... A few people dead here or there... Who cares! There's stairs and suicide!
Doing nothing is the STRONGEST thing to do. The greatest thing ever done is what Trump has done. https://t.co/wfsSs2bB0D",stutzman5 2 Ok Put the children in danger because WHO CARES IF KIDS DIE IT S NOT THAT BAD Kids don t DIE that much A few people dead here or there Who cares There s stairs and suicide Doing nothing is the STRONGEST thing to do The greatest thing ever done is what Trump has done,https://twitter.com/IsabelV78813794/status/1313750834681917441,0.08000000000000003
2020-10-07 07:59:42,neodog1,nl,1313750835759849473,"@realDonaldTrump NOT TODAY,,,TRUMP!!!",NOT TODAY TRUMP,https://twitter.com/neodog1/status/1313750835759849473,0.0
2020-10-07 07:59:42,heavenlyitalian,us,1313750836858826754,THESE 2 ARE GUITY AS SIN...PROSECUTE,THESE 2 ARE GUITY AS SIN PROSECUTE,https://twitter.com/heavenlyitalian/status/1313750836858826754,0.0
2020-10-07 07:59:42,AndreaTodss,au,1313750838972563457,"@benshapiro I can't tell if you truly believe this or if you're just saying it for publicity, but you have to be so blind to think that Biden is radical. If you watched the debate you would have seen how much more reasonable Biden was, whereas Trump doesn't even condem his radical supporters",I can t tell if you truly believe this or if you re just saying it for publicity but you have to be so blind to think that Biden is radical If you watched the debate you would have seen how much more reasonable Biden was whereas Trump doesn t even condem his radical supporters,https://twitter.com/AndreaTodss/status/1313750838972563457,0.06666666666666668
2020-10-07 07:59:43,VaderDonald,None,1313750842269409280,"@TheRickyDavila Nope. Biden should not give Trump the propaganda victory.

The Commission on Presidential Debates should decide to cancel it if it cannot be done safely. Why the hell donâ€™t they do it remotely? Easier to cut Trumpâ€™s mic that way too.",Nope Biden should not give Trump the propaganda victory The Commission on Presidential Debates should decide to cancel it if it cannot be done safely Why the hell don t they do it remotely Easier to cut Trump s mic that way too,https://twitter.com/VaderDonald/status/1313750842269409280,0.10000000000000002
2020-10-07 07:59:43,MissyBenson14,us,1313750843003416576,"@FADDERALL @SeanPenn Lol, FYI; Pres. Trump is not trying, he IS President! He has well over 325 proven accomplishments for the benefit of all Americans, literally making him the most successful President in history! FACTS!ðŸ‘ðŸ»ðŸ˜ðŸ‡ºðŸ‡¸",Lol FYI Pres Trump is not trying he IS President He has well over 325 proven accomplishments for the benefit of all Americans literally making him the most successful President in history FACTS,https://twitter.com/MissyBenson14/status/1313750843003416576,0.6833333333333332
2020-10-07 07:59:44,ElliottRook,us,1313750843590496256,he's nearly as prolific as stan twitter,he s nearly as prolific as stan twitter,https://twitter.com/ElliottRook/status/1313750843590496256,0.1
2020-10-07 07:59:44,Essajayjay,None,1313750843645030402,@scotty_kiker @SaveUnborn @gatewaypundit Most immigrants love Trump. #LatinosporTrump,kiker Most immigrants love Trump LatinosporTrump,https://twitter.com/Essajayjay/status/1313750843645030402,0.5
2020-10-07 07:59:44,shehzadyounis,None,1313750844286939136,"October Surprise? You Ain't Seen Nothing Yet  [""https://t.co/4WeHaGdDuc""]",October Surprise You Ain t Seen Nothing Yet,https://twitter.com/shehzadyounis/status/1313750844286939136,0.0
2020-10-07 07:59:44,Anne27571448,None,1313750845226393600,"@mmichela__ @jjdpower1970 @JoeBiden Trump has condemned White supremacy multiple times!  It is STUPID OF Wallace to ask the Question, yet again, when he SHOUKD KNOW THE ANSWER!!
DATED:  08/14/2017

YOU WONâ€™T WATCH THE VIDEO BECAUSE YOU DONâ€™T WANT TO HEAR THE TRUTH!",Trump has condemned White supremacy multiple times It is STUPID OF Wallace to ask the Question yet again when he SHOUKD KNOW THE ANSWER DATED 08 14 2017 YOU WON T WATCH THE VIDEO BECAUSE YOU DON T WANT TO HEAR THE TRUTH,https://twitter.com/Anne27571448/status/1313750845226393600,-0.26666666666666666
2020-10-07 07:59:44,GRainoldRN,None,1313750846241267713,"@WEdwarda @benshapiro Ben, please donâ€™t. You know Trump has taken heaps of shit from the left, the likes of which have never been endured by a sitting president. Letâ€™s go to battle. Donâ€™t disappoint us.",Ben please don t You know Trump has taken heaps of shit from the left the likes of which have never been endured by a sitting president Let s go to battle Don t disappoint us,https://twitter.com/GRainoldRN/status/1313750846241267713,-0.1
2020-10-07 07:59:44,Glosuzanne,gb,1313750847009050625,I would like to see Trump's XRays!,I would like to see Trump s XRays,https://twitter.com/Glosuzanne/status/1313750847009050625,0.0
2020-10-07 07:59:45,AirAcademy,gb,1313750850075078656,https://t.co/5BnsUTupEp Click on video link for details ðŸŒ On This Day In History October 7th 2006 Washington Post releases video of President Donald Trump boasting of groping and kissing women without consent. The office of President sunk to a new low !!!,Click on video link for details On This Day In History October 7th 2006 Washington Post releases video of President Donald Trump boasting of groping and kissing women without consent The office of President sunk to a new low,https://twitter.com/AirAcademy/status/1313750850075078656,0.06818181818181818
2020-10-07 07:59:45,sharonnewell44,gb,1313750850385457157,"Iâ€™m not American. Iâ€™m not political but Trump needs to go. After seeing one of Joe Bidens campaigns, it actually melted my heart. ALL presidents with their dog companions and trump bragging he wonâ€™t be getting one. Biden says choose your humans carefully. Love it. #trumpsdownfall",I m not American I m not political but Trump needs to go After seeing one of Joe Bidens campaigns it actually melted my heart ALL presidents with their dog companions and trump bragging he won t be getting one Biden says choose your humans carefully Love it trumpsdownfall,https://twitter.com/sharonnewell44/status/1313750850385457157,0.125
2020-10-07 07:59:45,AbnerDignadice,us,1313750850771185669,"TRUMP IS THE BEST PRESIDENT EVER!!!
TRUMP IS THE BEST PRESIDENT EVER!!! 
TRUMP IS THE BEST PRESIDENT EVER!!! 
TRUMP IS THE BEST PRESIDENT EVER!!! 
TRUMP IS THE BEST PRESIDENT EVER!!!
#TRUMP2020
#ScreamHere",TRUMP IS THE BEST PRESIDENT EVER TRUMP IS THE BEST PRESIDENT EVER TRUMP IS THE BEST PRESIDENT EVER TRUMP IS THE BEST PRESIDENT EVER TRUMP IS THE BEST PRESIDENT EVER TRUMP2020 ScreamHere,https://twitter.com/AbnerDignadice/status/1313750850771185669,1.0
2020-10-07 07:59:45,yoelmo21,None,1313750850993561600,@MJacksonFae @AUMindyT @SpeakerPelosi There is still a legal path to citizenship. Come through the front door for legal citizenship. Trump has been in office for 3.5 years. Nancy has been in office 20 years and hasnâ€™t helped your friend.,There is still a legal path to citizenship Come through the front door for legal citizenship Trump has been in office for 3 5 years Nancy has been in office 20 years and hasn t helped your friend,https://twitter.com/yoelmo21/status/1313750850993561600,0.2
2020-10-07 07:59:46,bevelynnparker,None,1313750851857641477,@afneil Not rising fast enough to take seriously? Youâ€™re as bad as Trump!,Not rising fast enough to take seriously You re as bad as Trump,https://twitter.com/bevelynnparker/status/1313750851857641477,-0.2083333333333333
2020-10-07 07:59:46,GaryHol45317724,None,1313750853107347456,I Was Prescribed Trumpâ€™s Steroid. It Made Me Feel Invincible #SmartNews  https://t.co/hfGElq8BBx,I Was Prescribed Trump s Steroid It Made Me Feel Invincible SmartNews,https://twitter.com/GaryHol45317724/status/1313750853107347456,0.0
2020-10-07 07:59:46,pekulium,None,1313750854139351040,Trump ist Jungianer,Trump ist Jungianer,https://twitter.com/pekulium/status/1313750854139351040,0.0
2020-10-07 07:59:46,cowplanting,th,1313750854067990529,manifesting...,manifesting,https://twitter.com/cowplanting/status/1313750854067990529,0.0
2020-10-07 07:59:47,cannoncocker311,us,1313750856001495040,@paulsperry_ Da fuck!? What is Trumpâ€™s plan? Additional tax cuts and more deregulation? More tariffs? His economic plan is like 8 year olds playing house.,Da fuck What is Trump s plan Additional tax cuts and more deregulation More tariffs His economic plan is like 8 year olds playing house,https://twitter.com/cannoncocker311/status/1313750856001495040,0.2
2020-10-07 07:59:47,drbob,us,1313750856098107392,"Where is putting in so much time working for us, the people!",Where is putting in so much time working for us the people,https://twitter.com/drbob/status/1313750856098107392,0.2
2020-10-07 07:59:47,SusanThibodaux,us,1313750856177782785,"Preach it, Bernie!",Preach it Bernie,https://twitter.com/SusanThibodaux/status/1313750856177782785,0.0
2020-10-07 07:59:47,mfoxhunter,us,1313750857092136967,"White Democrats: If black people steal from your store or steal bread, thatâ€™s reparations. 

Also White Democrats: If black people support wanting $1200 in Trump bucks, they are race traitors.",White Democrats If black people steal from your store or steal bread that s reparations Also White Democrats If black people support wanting 1200 in Trump bucks they are race traitors,https://twitter.com/mfoxhunter/status/1313750857092136967,-0.08333333333333333
2020-10-07 07:59:47,Whamukars_SA,None,1313750858480398337,@_AlexHirsch No a lot of Trump voters legit just want to hurt people,AlexHirsch No a lot of Trump voters legit just want to hurt people,https://twitter.com/Whamukars_SA/status/1313750858480398337,0.0
2020-10-07 07:59:48,tanyamarieborys,None,1313750860342595584,"@crawford_ev @SpeakerPelosi May I offer an alternative perspective? Since Pelosi was holding stimulus for Americans hostage unless she got non-COVID funding &amp; demands, Trump finally got tired of the people not getting help so he's cut off negotiations to stop her &amp; then cornered her to give $ to the people.",ev May I offer an alternative perspective Since Pelosi was holding stimulus for Americans hostage unless she got non COVID funding amp demands Trump finally got tired of the people not getting help so he s cut off negotiations to stop her amp then cornered her to give to the people,https://twitter.com/tanyamarieborys/status/1313750860342595584,-0.2
2020-10-07 07:59:48,Broscizewski,us,1313750860644614147,President Trump's War On Human Trafficking https://t.co/FXhgkNvJc2 via @YouTube,President Trump s War On Human Trafficking via,https://twitter.com/Broscizewski/status/1313750860644614147,0.0
2020-10-07 07:59:48,artificialgecko,in,1313750860837662720,Thatâ€™s a lot of tweets...,That s a lot of tweets,https://twitter.com/artificialgecko/status/1313750860837662720,0.0
2020-10-07 07:59:48,milk0r,None,1313750861798023168,@southlandlocal @emmamellow @JudithCollinsMP @melissaleemp Sound like some Trump shit,Sound like some Trump shit,https://twitter.com/milk0r/status/1313750861798023168,0.1
2020-10-07 07:59:48,EShy,us,1313750861860925440,@bluespapa @texrat @raytida @edbott Biden did come out and say today that if Trump still has covid there shouldn't be a debate.,Biden did come out and say today that if Trump still has covid there shouldn t be a debate,https://twitter.com/EShy/status/1313750861860925440,0.0
2020-10-07 07:59:48,BruddahM,None,1313750863178072064,"See Brendan Gleeson As Donald Trump In First Image From New TV Series
https://t.co/5Mu4iPnGAg",See Brendan Gleeson As Donald Trump In First Image From New TV Series,https://twitter.com/BruddahM/status/1313750863178072064,0.19318181818181815
2020-10-07 07:59:48,xAuniqueSoulx,None,1313750864151171072,"@NickSouthcote @dfinn4 @PrisonPlanet Yo the media is lying to u sheep. First off trump banned travel to China but yet dems pelosi, biden, aoc called him racist and walked to Chinatown telling Americans to visit that everything's OK. Do the fucking research and stop letting corrupt coporate media lie to u. Smh",Yo the media is lying to u sheep First off trump banned travel to China but yet dems pelosi biden aoc called him racist and walked to Chinatown telling Americans to visit that everything s OK Do the fucking research and stop letting corrupt coporate media lie to u Smh,https://twitter.com/xAuniqueSoulx/status/1313750864151171072,-0.0875
2020-10-07 07:59:49,AritraTheGnome,None,1313750865128423425,@DrEricDing @JeriLRyan @tedlieu @realDonaldTrump Also Trump canâ€™t play an instrument.,Also Trump can t play an instrument,https://twitter.com/AritraTheGnome/status/1313750865128423425,0.0
2020-10-07 07:59:49,mayfairemoonB,us,1313750865266827264,This irresponsible plague dog....,This irresponsible plague dog,https://twitter.com/mayfairemoonB/status/1313750865266827264,0.0
2020-10-07 07:59:49,LetruneInedil,None,1313750865933672449,"So, a mob boss AND a tinpot tyrant.

Sic transit gloria mundi...",So a mob boss AND a tinpot tyrant Sic transit gloria mundi,https://twitter.com/LetruneInedil/status/1313750865933672449,0.0
2020-10-07 07:59:49,amazingatheist,us,1313750865916944386,"Sure. The context is that I posted a video reacting to Trumpâ€™s COVID-19 diagnosis. It was labeled as such, as you can see in the screenshot above. It was not deceptive, it did not contain misinformation of any kind, it was not spam. I truly donâ€™t understand how it was labeled so.",Sure The context is that I posted a video reacting to Trump s COVID 19 diagnosis It was labeled as such as you can see in the screenshot above It was not deceptive it did not contain misinformation of any kind it was not spam I truly don t understand how it was labeled so,https://twitter.com/amazingatheist/status/1313750865916944386,0.275
2020-10-07 07:59:49,tonypatt2000,None,1313750866780917765,"Len here, complaining about the Labour Party paying out huge amounts of money in legal fees! Oh Len, Sqwawkbox? Also the Trump colour dyed hair does you no favours, you miserable old goat!",Len here complaining about the Labour Party paying out huge amounts of money in legal fees Oh Len Sqwawkbox Also the Trump colour dyed hair does you no favours you miserable old goat,https://twitter.com/tonypatt2000/status/1313750866780917765,-0.07499999999999997
2020-10-07 07:59:49,Brown_Marketing,us,1313750867326259200,"https://t.co/B3g1CIwidj Facebook deletes Trump post calling COVID-19 'less lethal' than flu, Twitter adds warning label https://t.co/nTTxKpJQHJ",Facebook deletes Trump post calling COVID 19 less lethal than flu Twitter adds warning label,https://twitter.com/Brown_Marketing/status/1313750867326259200,-0.16666666666666666
2020-10-07 07:59:50,meercisuzy,tw,1313750869779902497,"@OneMoreGoodMan Posted... 
https://t.co/9pDyPtea4n",Posted,https://twitter.com/meercisuzy/status/1313750869779902497,0.0
2020-10-07 07:59:50,Traderchatbox,None,1313750871558311937,CIA Director Gina Haspel And The British Role In The Anti-Trump Plot | Zero Hedge https://t.co/JCAd3lfP6X,CIA Director Gina Haspel And The British Role In The Anti Trump Plot Zero Hedge,https://twitter.com/Traderchatbox/status/1313750871558311937,0.0
2020-10-07 07:59:50,th3whit3shadow,us,1313750872434900993,"@BeschlossDC What!? You people keep calling for defunding the police, cops are bad, when BLM or antifa attack cops you call it protesting. Itâ€™s amazing with a single motorcade ride Trump got the radical left to care about the safety and health of police officers!",What You people keep calling for defunding the police cops are bad when BLM or antifa attack cops you call it protesting It s amazing with a single motorcade ride Trump got the radical left to care about the safety and health of police officers,https://twitter.com/th3whit3shadow/status/1313750872434900993,-0.0428571428571428
2020-10-07 07:59:51,venusnative1,None,1313750873298866176,@michaelbeatty3 Trump is a fighter and a winner.,Trump is a fighter and a winner,https://twitter.com/venusnative1/status/1313750873298866176,0.0
2020-10-07 07:59:51,xbhaskarx,au,1313750872954867712,Trump campaign managers are like the Spinal Tap drummers of the political world... https://t.co/fSGsFnlYjF,Trump campaign managers are like the Spinal Tap drummers of the political world,https://twitter.com/xbhaskarx/status/1313750872954867712,0.0
2020-10-07 07:59:51,KeleJean1,None,1313750874263449600,"@SheriAWilkinson Getting more confident that we're gonna win. America is going to win. Things seem going better &amp; better. I look forward to each next day lately.  suspect even the NSA, CIA etc. have plans they are implementing or will implement to deal with Trump, who is insane.",Getting more confident that we re gonna win America is going to win Things seem going better amp better I look forward to each next day lately suspect even the NSA CIA etc have plans they are implementing or will implement to deal with Trump who is insane,https://twitter.com/KeleJean1/status/1313750874263449600,0.2555555555555556
2020-10-07 07:59:51,arichardsonxc,us,1313750874280271872,@Centrefuter @aqergh @KaitMarieox @realDonaldTrump Also you use the terms itâ€™s a hoax used by one party lol.  It should be non partisan Trump was impeached but it wasnâ€™t.  ohhhh but youâ€™re not blinded by party. Lmfao. Stop lying.,Also you use the terms it s a hoax used by one party lol It should be non partisan Trump was impeached but it wasn t ohhhh but you re not blinded by party Lmfao Stop lying,https://twitter.com/arichardsonxc/status/1313750874280271872,0.8
2020-10-07 07:59:51,Karen_shiloh014,gb,1313750874481713153,@realDonaldTrump You'll win full stop..... GO TRUMP,You ll win full stop GO TRUMP,https://twitter.com/Karen_shiloh014/status/1313750874481713153,0.575
2020-10-07 07:59:51,Charlot53399013,None,1313750874527678464,POTUS needs fresh air this weekend! GO GOLFING!,POTUS needs fresh air this weekend GO GOLFING,https://twitter.com/Charlot53399013/status/1313750874527678464,0.3
2020-10-07 07:59:52,LibipsNeil,us,1313750877090410496,I think it would be funny if Trump pardoned Roger Stone. And Roger Stone came to visit him in prison,I think it would be funny if Trump pardoned Roger Stone And Roger Stone came to visit him in prison,https://twitter.com/LibipsNeil/status/1313750877090410496,0.25
2020-10-07 07:59:52,Patriot01224735,us,1313750877249904641,Best President of all time...Donald J Trump.  MAGA.  Exposing the Fake News and corrupt Deep State 24/7.,Best President of all time Donald J Trump MAGA Exposing the Fake News and corrupt Deep State 24 7,https://twitter.com/Patriot01224735/status/1313750877249904641,0.0
2020-10-07 07:59:52,DerekSherratt,None,1313750877182799872,@abcpoppins Worst days work was the setting up of Darroch! It illustrates the sort of person Johnson is!  Johnson has bet the farm on Trump and as been a cypher for him since he was manouvered into PM position! If Trump goes Johnson's days could well be numbered as well,Worst days work was the setting up of Darroch It illustrates the sort of person Johnson is Johnson has bet the farm on Trump and as been a cypher for him since he was manouvered into PM position If Trump goes Johnson s days could well be numbered as well,https://twitter.com/DerekSherratt/status/1313750877182799872,-1.0
2020-10-07 07:59:52,HeatherEyler,us,1313750877623201792,"Who signs up to be POTUS with a perspective of serving only 1 term? 

Joe Biden.

Joe Biden is the Dem scape goat to get past the next 4 years to clear a path for Clintonâ€™s next run. We know sheâ€™s smart enough not to take a 2nd ass whoopinâ€™ from Trump. 

How close am I?",Who signs up to be POTUS with a perspective of serving only 1 term Joe Biden Joe Biden is the Dem scape goat to get past the next 4 years to clear a path for Clinton s next run We know she s smart enough not to take a 2nd ass whoopin from Trump How close am I,https://twitter.com/HeatherEyler/status/1313750877623201792,0.008035714285714287
2020-10-07 07:59:52,Dustin_Prisley,us,1313750877933498368,"@tedcruz this is what Trump said after you bent over for him at the convention. Shave the goatee, you sackless fucking asshat. https://t.co/mRd5npilbC",this is what Trump said after you bent over for him at the convention Shave the goatee you sackless fucking asshat,https://twitter.com/Dustin_Prisley/status/1313750877933498368,-0.6
2020-10-07 07:59:52,RecruitCoin,us,1313750878269079552,@justinamash Trump suggested getting the people their money but Democrats would never allow that. And besides Democrats will not do anything until next month regardless.,Trump suggested getting the people their money but Democrats would never allow that And besides Democrats will not do anything until next month regardless,https://twitter.com/RecruitCoin/status/1313750878269079552,0.0
2020-10-07 07:59:52,realStanLester,None,1313750878277566464,@Dangerangel @cvaldary @RVAT2020 Iâ€™ll ask one more time before I give up and move on.  Give me some examples of how Trump has governed in a way that a typical republican would not have governed.,I ll ask one more time before I give up and move on Give me some examples of how Trump has governed in a way that a typical republican would not have governed,https://twitter.com/realStanLester/status/1313750878277566464,0.16666666666666669
2020-10-07 07:59:52,FranklinMarmae,None,1313750878810181632,"@realDonaldTrump Your a ass hole can't stop being pro Trump not pro America, you have turned our country upside down ever since you been in office, running the white house like a reality TV show looking for ratings president's don't look for ratings",Your a ass hole can t stop being pro Trump not pro America you have turned our country upside down ever since you been in office running the white house like a reality TV show looking for ratings president s don t look for ratings,https://twitter.com/FranklinMarmae/status/1313750878810181632,-0.07777777777777779
2020-10-07 07:59:52,sf2012,None,1313750878852128768,#TrumpTaxes .Retails stores should stop charging 'sale taxes' to their customers. The government has become a giant #StockMarket shark trader. https://t.co/Jdigf3PTdP,TrumpTaxes Retails stores should stop charging sale taxes to their customers The government has become a giant StockMarket shark trader,https://twitter.com/sf2012/status/1313750878852128768,0.0
2020-10-07 07:59:52,assuring_safety,ca,1313750879200325632,@sandi_hemming @HCTrudo @MarkRuffalo @JoeBiden Trump's actions are all you need to see the truth. He's reckless and not looking out for you at all. I wish you could see it.,hemming Trump s actions are all you need to see the truth He s reckless and not looking out for you at all I wish you could see it,https://twitter.com/assuring_safety/status/1313750879200325632,0.0
2020-10-07 07:59:52,neonspacelego,us,1313750879359692800,@SoldMeABumJuice I think trump is getting over confident. A single person cannot take down an entire system of corrupt intricate systems. But with all the crowds loving him he feels invincible. Hope this play doesn't backfire.,I think trump is getting over confident A single person cannot take down an entire system of corrupt intricate systems But with all the crowds loving him he feels invincible Hope this play doesn t backfire,https://twitter.com/neonspacelego/status/1313750879359692800,0.06216931216931217
2020-10-07 07:59:52,newsnetworks4,None,1313750880412409857,"Donald Trump turns the knife in, H-1B workers say dejaÂ vu https://t.co/44pRqbosxJ",Donald Trump turns the knife in H 1B workers say deja vu,https://twitter.com/newsnetworks4/status/1313750880412409857,0.0
2020-10-07 07:59:52,covfefe1951,None,1313750880773189632,@realDonaldTrump TRUMP VIRUS GOT YOU. https://t.co/vdiePcEb8t,TRUMP VIRUS GOT YOU,https://twitter.com/covfefe1951/status/1313750880773189632,0.0
2020-10-07 07:59:53,kingminion5,None,1313750881783828480,Iâ€™m going to have a hard time arguing against crisis actors now,I m going to have a hard time arguing against crisis actors now,https://twitter.com/kingminion5/status/1313750881783828480,-0.2916666666666667
2020-10-07 07:59:53,Mary40791091,None,1313750882228592646,"@tappy1008 @jonswaine Journalism isnâ€™t â€œdead &amp; gone.â€
Read this.

https://t.co/AF90CRz7yH

#Scumbag",Journalism isn t dead amp gone Read this Scumbag,https://twitter.com/Mary40791091/status/1313750882228592646,-0.2
2020-10-07 07:59:53,MosesEssien16,None,1313750882329206784,@pianonanny @Liberty_58 @marklevinshow Kamala Harris can settle for anything just to survive. African Americans especially Black women whom Biden openly mocked by denying them VP pick will never forgive Biden's hypocrisy as they Vote massively for Trump in November.,58 Kamala Harris can settle for anything just to survive African Americans especially Black women whom Biden openly mocked by denying them VP pick will never forgive Biden s hypocrisy as they Vote massively for Trump in November,https://twitter.com/MosesEssien16/status/1313750882329206784,-0.08333333333333333
2020-10-07 07:59:53,sam_raygoza,None,1313750883641880577,@raye_wooten @Franklin_Graham Youâ€™re so so wrong. Trump is Satan,wooten Graham You re so so wrong Trump is Satan,https://twitter.com/sam_raygoza/status/1313750883641880577,-0.5
2020-10-07 07:59:54,magrim123,None,1313750885227474945,@69thecraftychef Do you really think Trump cares?,Do you really think Trump cares,https://twitter.com/magrim123/status/1313750885227474945,0.2
2020-10-07 07:59:54,TheSpaniard14,None,1313750885802086411,"@TeamYouTube @amazingatheist ""Trump has Covid."" 

Do you have a second grade reading level? How could that be an ambiguous statement to anyone with more than one brain cell? It's not a scam, genius, I'd take it's a video about someone going over Trump's widly discussed Covid-19 infection. Jfc.",Trump has Covid Do you have a second grade reading level How could that be an ambiguous statement to anyone with more than one brain cell It s not a scam genius I d take it s a video about someone going over Trump s widly discussed Covid 19 infection Jfc,https://twitter.com/TheSpaniard14/status/1313750885802086411,0.25
2020-10-07 07:59:54,halfeatenmind,None,1313750886410264576,"Trump ending stimulus talks could hurt millions of unemployed Americans, set back economy - Business Insider - Business Insider https://t.co/idyh2znhL4",Trump ending stimulus talks could hurt millions of unemployed Americans set back economy Business Insider Business Insider,https://twitter.com/halfeatenmind/status/1313750886410264576,0.0
2020-10-07 07:59:54,orangeorchards,None,1313750887819550720,THANKS BUT NO THANKS!  YOU CAN'T BY US!,THANKS BUT NO THANKS YOU CAN T BY US,https://twitter.com/orangeorchards/status/1313750887819550720,0.05
2020-10-07 07:59:54,KellieaRamirez,us,1313750887941189632,"@angie8675309 Like cursing then I'd better give you a heads up not to read my tweets to trump. I just can't help it, he is the only reason I joined Twitter. I needed to tell him how wrong he is and how narcissistic he is. I read Mary trump's book in 1 note and it was fascinating! Explains all.",Like cursing then I d better give you a heads up not to read my tweets to trump I just can t help it he is the only reason I joined Twitter I needed to tell him how wrong he is and how narcissistic he is I read Mary trump s book in 1 note and it was fascinating Explains all,https://twitter.com/KellieaRamirez/status/1313750887941189632,0.175
2020-10-07 07:59:54,RoseRed1791,us,1313750889358716928,I think Trump tossed them in the trash with the mask...,I think Trump tossed them in the trash with the mask,https://twitter.com/RoseRed1791/status/1313750889358716928,0.0
2020-10-07 07:59:54,MichellePecora5,None,1313750889316917249,@GiannoCaldwell @HerschelWalker The leftist are the cruelest people. Sorry you canâ€™t have the freedom to vote conservative without being harassed. TrumpðŸ‡ºðŸ‡¸,The leftist are the cruelest people Sorry you can t have the freedom to vote conservative without being harassed Trump,https://twitter.com/MichellePecora5/status/1313750889316917249,-0.275
2020-10-07 07:59:55,halfeatenmind,None,1313750889488883712,Trump says he will back specific relief measures hours after halting talks | TheHill - The Hill https://t.co/Bo19vDbiW0,Trump says he will back specific relief measures hours after halting talks TheHill The Hill,https://twitter.com/halfeatenmind/status/1313750889488883712,0.0
2020-10-07 07:59:55,Barrow138,None,1313750889564450816,UMass prof shuts down conservative student after comparing Trump to Hitl... https://t.co/GtIPLvkrl5,UMass prof shuts down conservative student after comparing Trump to Hitl,https://twitter.com/Barrow138/status/1313750889564450816,-0.1555555555555556
2020-10-07 07:59:55,DanglerDingle,us,1313750891086974976,@piersmorgan @SethMacFarlane Trump is a virus,Trump is a virus,https://twitter.com/DanglerDingle/status/1313750891086974976,0.0
2020-10-07 07:59:55,sparks_randi,us,1313750892294926342,So sorry to hear you are I'll.  I hope they get you all fixed up.,So sorry to hear you are I ll I hope they get you all fixed up,https://twitter.com/sparks_randi/status/1313750892294926342,-0.2
2020-10-07 07:59:55,ElHenderz,None,1313750893297270784,@ProjectLincoln Always Trump First. https://t.co/039OZuxih6,Always Trump First,https://twitter.com/ElHenderz/status/1313750893297270784,0.25
2020-10-07 07:59:55,AlviaAslam,None,1313750893485981697,@ambkcsingh Gobi ji bought himself a 8400 cr plane becoz trump has that plane. And trump is his tu tadak yaar. So they ought to travel in the similar plane. After all america and india are so much similar on economic parameter. Duhhh,Gobi ji bought himself a 8400 cr plane becoz trump has that plane And trump is his tu tadak yaar So they ought to travel in the similar plane After all america and india are so much similar on economic parameter Duhhh,https://twitter.com/AlviaAslam/status/1313750893485981697,-0.075
2020-10-07 07:59:56,tfalesjr,None,1313750893662216199,Guarding everything that has happened for 25 years dirty water dirty air dirty Trump,Guarding everything that has happened for 25 years dirty water dirty air dirty Trump,https://twitter.com/tfalesjr/status/1313750893662216199,-0.6
2020-10-07 18:51:57,Ilovemyamerica2,None,1313914981784592384,Heâ€™s probably going to start a nuclear war just to divert his prejudiced problems... Trump is a sick dog out of control... https://t.co/awH1WfD4Cr,He s probably going to start a nuclear war just to divert his prejudiced problems Trump is a sick dog out of control,https://twitter.com/Ilovemyamerica2/status/1313914981784592384,-0.7142857142857143
2020-10-07 18:51:57,_jlonie,us,1313914982770376704,"Does anyone have eyes on Trump, Barr or Christie?

#SuperSpreader #COVIDIOT",Does anyone have eyes on Trump Barr or Christie SuperSpreader COVIDIOT,https://twitter.com/_jlonie/status/1313914982770376704,0.0
2020-10-07 18:51:57,carliiiflower,None,1313914982892023808,Trump has done nothing for us this entire pandemic and I hope yâ€™all arenâ€™t gonna let him hold this $1200 stimulus over your heads for a mf vote.. yâ€™all better not. Fuck him.,Trump has done nothing for us this entire pandemic and I hope y all aren t gonna let him hold this 1200 stimulus over your heads for a mf vote y all better not Fuck him,https://twitter.com/carliiiflower/status/1313914982892023808,0.2333333333333333
2020-10-07 18:51:57,NadiaRain_,us,1313914983126904833,#MarshaBlackburn is a racist,MarshaBlackburn is a racist,https://twitter.com/NadiaRain_/status/1313914983126904833,0.0
2020-10-07 18:51:58,SonOfDaProphets,cz,1313914983181422592,Shame a lot of folks those see through the games both of these parties playing.,Shame a lot of folks those see through the games both of these parties playing,https://twitter.com/SonOfDaProphets/status/1313914983181422592,0.0
2020-10-07 18:51:58,LFighter1776,None,1313914983290413057,@CottoGottfried Garbage polls in 2016 as proven are the same garbage polls in 2020 to be proven. Vote Trump Nov. 3rd.,Garbage polls in 2016 as proven are the same garbage polls in 2020 to be proven Vote Trump Nov 3rd,https://twitter.com/LFighter1776/status/1313914983290413057,0.0
2020-10-07 18:51:58,EYENAANDREW,ug,1313914983273705473,@ABC Hollywood will make a great movie of the Trump era.,Hollywood will make a great movie of the Trump era,https://twitter.com/EYENAANDREW/status/1313914983273705473,0.8
2020-10-07 18:51:58,n_sudz,us,1313914983307149313,@thelateinnings @BipolarBearDick Is that a picture of trump scientist diligently working away?!?,Is that a picture of trump scientist diligently working away,https://twitter.com/n_sudz/status/1313914983307149313,0.0
2020-10-07 18:51:58,LucyStone1949,None,1313914983424512000,So lazy!!,So lazy,https://twitter.com/LucyStone1949/status/1313914983424512000,-0.25
2020-10-07 18:51:58,mosesmosle,None,1313914983462236166,"@realDonaldTrump Nobody is undecided. You either want things to get better, or theyâ€™re edge lords voting for the delusional tweaker currently infected with the Trump virus",Nobody is undecided You either want things to get better or they re edge lords voting for the delusional tweaker currently infected with the Trump virus,https://twitter.com/mosesmosle/status/1313914983462236166,0.25
2020-10-07 18:51:58,madhatterpatri1,mx,1313914983416242176,@SteveSchmidtSES @realDonaldTrump @ProjectLincoln @TheRickWilson @stuartpstevens @reedgalen RINO with TDS. You couldnâ€™t even win with a POW largely heralded a Hero and an Uberhot running mate!!!!  AND YOU let the MSM smear Palin. Invertebrate and establishment GOPs like you enabled the current chaos that Trump Republicans with guts will end. Youâ€™re welcome.,RINO with TDS You couldn t even win with a POW largely heralded a Hero and an Uberhot running mate AND YOU let the MSM smear Palin Invertebrate and establishment GOPs like you enabled the current chaos that Trump Republicans with guts will end You re welcome,https://twitter.com/madhatterpatri1/status/1313914983416242176,0.45357142857142857
2020-10-07 18:51:58,wglaaber,ca,1313914983542067201,@dpiedmont @paulsperry_ Because its a made up lie by Trump who is losing badly,Because its a made up lie by Trump who is losing badly,https://twitter.com/wglaaber/status/1313914983542067201,-0.6999999999999998
2020-10-07 18:51:58,slimjimroberts1,None,1313914984154497025,"#WeNeedHealthcareToo 

Trump got the virus, because he was careless, knowing he would be taken care of! Not so, for us mere mortals. I'm old &amp; try very hard to be aware of my health, eat a well balanced diet &amp; exercise! May all reading this, stay healthy &amp; free of the virus!",WeNeedHealthcareToo Trump got the virus because he was careless knowing he would be taken care of Not so for us mere mortals I m old amp try very hard to be aware of my health eat a well balanced diet amp exercise May all reading this stay healthy amp free of the virus,https://twitter.com/slimjimroberts1/status/1313914984154497025,-0.018452380952380967
2020-10-07 18:51:58,dorianp626,None,1313914984389177344,"@greta Hi @greta.

NOW ðŸ”´ DO ðŸ”´ TRUMPâ€¼ï¸â€¼ï¸â€¼ï¸ https://t.co/aGroPG4s7r",Hi NOW DO TRUMP,https://twitter.com/dorianp626/status/1313914984389177344,0.0
2020-10-07 18:51:58,TrixieTuffChick,us,1313914984175472640,"Took my mom to vote early! If you can, do. Trump and the Republican leadership will do everything they can to discount your vote.  
Donâ€™t let them! https://t.co/5IM2e6D82I",Took my mom to vote early If you can do Trump and the Republican leadership will do everything they can to discount your vote Don t let them,https://twitter.com/TrixieTuffChick/status/1313914984175472640,0.1
2020-10-07 18:51:58,moremoneyguru,us,1313914985878360064,"@apollotradingsd I would imagine most trump supporters will welcome this kinda headline --- lure the opposition into staying home, thinking they have it in the bag, just like in 2016.

maybe?  idk",I would imagine most trump supporters will welcome this kinda headline lure the opposition into staying home thinking they have it in the bag just like in 2016 maybe idk,https://twitter.com/moremoneyguru/status/1313914985878360064,0.65
2020-10-07 18:51:58,DanielleCandela,None,1313914985878376448,"@realDonaldTrump Trumpâ€™s poll numbers are terrible. He has been raged tweeting about stupid shit for two day, why? Because he has no record to run on, he has nothing to brag about his first term and no vision for the 2nd term. Staying out of prison is not a platform. 4 years of nothing!",Trump s poll numbers are terrible He has been raged tweeting about stupid shit for two day why Because he has no record to run on he has nothing to brag about his first term and no vision for the 2nd term Staying out of prison is not a platform 4 years of nothing,https://twitter.com/DanielleCandela/status/1313914985878376448,-0.35
2020-10-07 18:51:58,LeighCupstid,None,1313914986218098690,@Savingworld88 PRESIDENT DONALD JOHN TRUMP IS AMERICAâ€™S GREATEST CHAMPIONðŸ‡ºðŸ‡¸,PRESIDENT DONALD JOHN TRUMP IS AMERICA S GREATEST CHAMPION,https://twitter.com/LeighCupstid/status/1313914986218098690,1.0
2020-10-07 18:51:58,DebraDaingerfi1,None,1313914986280837120,This little Fuck is pathetic,This little Fuck is pathetic,https://twitter.com/DebraDaingerfi1/status/1313914986280837120,-0.5291666666666667
2020-10-07 18:51:58,McKinnonLit,None,1313914986855632896,Necessary piece by â¦@thrasherxyâ©  https://t.co/X2x7oPlmVn,Necessary piece by,https://twitter.com/McKinnonLit/status/1313914986855632896,0.0
2020-10-07 18:51:58,steven_baltes,us,1313914986910019584,"@GloriaChecchi You are so right. We would have the UN patrolling our streets and oppression would staggering.
 My issue is that , given a Trump win, in 4 years we are going to fold because there is no one as able as he is to take over and keep things going.
 The republican party is split.",You are so right We would have the UN patrolling our streets and oppression would staggering My issue is that given a Trump win in 4 years we are going to fold because there is no one as able as he is to take over and keep things going The republican party is split,https://twitter.com/steven_baltes/status/1313914986910019584,0.5285714285714286
2020-10-07 18:51:58,DecodnLyfe,ar,1313914986348130307,A lot of REPUBLICANS are ditching saving Trump but choosing to save the VERY IMPORTANT Senate instead. DONT LET THEM! Vote!! Especially you GEORGIA! Get the vile Kelly Loeffler OUT and Reverend Warnock IN!! #VOTE https://t.co/mJafm56cNJ,A lot of REPUBLICANS are ditching saving Trump but choosing to save the VERY IMPORTANT Senate instead DONT LET THEM Vote Especially you GEORGIA Get the vile Kelly Loeffler OUT and Reverend Warnock IN VOTE,https://twitter.com/DecodnLyfe/status/1313914986348130307,0.26
2020-10-07 18:51:58,quant_data,bo,1313914987186978818,"Trump Will Soon Speak With The American People, According To An Aide

Related Tickers: $SPY",Trump Will Soon Speak With The American People According To An Aide Related Tickers SPY,https://twitter.com/quant_data/status/1313914987186978818,0.0
2020-10-07 18:51:59,WesFly1,None,1313914987430076416,"Keith Olbermann Quits ESPN to Bring â€˜Flamethrowerâ€˜ to Trump on Political YouTube Show https://t.co/vzkLR8lsfe via @BreitbartNews  Keith who?  Oh, is he the one who graduated from that cow college?",Keith Olbermann Quits ESPN to Bring Flamethrower to Trump on Political YouTube Show via Keith who Oh is he the one who graduated from that cow college,https://twitter.com/WesFly1/status/1313914987430076416,-0.06666666666666667
2020-10-07 18:51:59,BackBackBay,us,1313914987807756290,"@realDonaldTrump yeah south america donald ""pinochet"" trump",yeah south america donald pinochet trump,https://twitter.com/BackBackBay/status/1313914987807756290,0.0
2020-10-07 18:51:59,vtgenius88,None,1313914987987910656,@laurenboebert Unlikely sheâ€™ll answer â€œanyâ€ questionsâ€™ but tell us 101 reasons on why she hates Trump!,Unlikely she ll answer any questions but tell us 101 reasons on why she hates Trump,https://twitter.com/vtgenius88/status/1313914987987910656,-0.5
2020-10-07 18:51:59,shepherd0581,None,1313914990101921793,"@HKrassenstein @realDonaldTrump Mrs. KRASS STONE, why do most German-AshkeNAZI-Jews hate Trump and vote Democrat???",Mrs KRASS STONE why do most German AshkeNAZI Jews hate Trump and vote Democrat,https://twitter.com/shepherd0581/status/1313914990101921793,-0.10000000000000002
2020-10-07 18:51:59,Christy80606260,None,1313914990366253056,@StephRomic @Char4Trump @MysteriousRaul @JosephWulfsohn No way is that little blonde girl ivanka trump.,No way is that little blonde girl ivanka trump,https://twitter.com/Christy80606260/status/1313914990366253056,-0.09375
2020-10-07 18:51:59,CaptainApple13,None,1313914990282276864,"@LarrySabato Where have I seen this before? Oh yeah...

https://t.co/v0xAI2TJg3",Where have I seen this before Oh yeah,https://twitter.com/CaptainApple13/status/1313914990282276864,0.0
2020-10-07 18:51:59,banning_3,None,1313914990462726148,This is why I Gotta vote trump,This is why I Gotta vote trump,https://twitter.com/banning_3/status/1313914990462726148,0.0
2020-10-07 18:51:59,JWB_uwui,None,1313914990479409152,"@timdud @MajSchroeder @MrJonCryer Yep. Donald Trump is America.  America is Donald Trump. He's going to win 45 states.  I'm glad I live in one of them, because those others ain't getting nuthin' from the feds.  #FirstFamilyForever",Yep Donald Trump is America America is Donald Trump He s going to win 45 states I m glad I live in one of them because those others ain t getting nuthin from the feds FirstFamilyForever,https://twitter.com/JWB_uwui/status/1313914990479409152,0.4787878787878788
2020-10-07 18:51:59,krum_khan,None,1313914990680838144,@elonmusk @SamTalksTesla @SpaceX Didn't Trump order 2025 plans to be made?,Didn t Trump order 2025 plans to be made,https://twitter.com/krum_khan/status/1313914990680838144,0.0
2020-10-07 18:51:59,NotyNots,us,1313914990672347138,"The deal with trump putting off the negotiations for a stimulus package to help the PEOPLE who need it the most should show all Americans just where you stand in his circle... Face it unless you have millions you mean nothing to trump, he plain and simply does not care about you",The deal with trump putting off the negotiations for a stimulus package to help the PEOPLE who need it the most should show all Americans just where you stand in his circle Face it unless you have millions you mean nothing to trump he plain and simply does not care about you,https://twitter.com/NotyNots/status/1313914990672347138,-0.0066964285714285685
2020-10-07 18:51:59,Tampke,us,1313914990815055875,"@RCalh @FrankTompkins1 @badjin_rank @FrancaRose33 @kittyst0mper @johnralloa @Destrier15 @extremecompute @photoartist9 @MaryGulag @garner_forest @JSquirlington @CNN @nbc @nytimes Chris Wallace asked him that shit in the 2016 debate

And trump condemned it right there",rank forest Chris Wallace asked him that shit in the 2016 debate And trump condemned it right there,https://twitter.com/Tampke/status/1313914990815055875,-0.2380952380952381
2020-10-07 18:51:59,JM03252354,None,1313914990873792517,@AriMelber Anything but the stuff they are pumping into Trump!,Anything but the stuff they are pumping into Trump,https://twitter.com/JM03252354/status/1313914990873792517,0.0
2020-10-07 18:51:59,TaliesinTallyho,ba,1313914990831697920,"@kenbone18 You sound like Trump; when people like Putin are nice to him, he gives them what they want; when decent but concerned people call him out, he shits on them. Interesting, huh? #VoteBlueToEndThisNightmare",You sound like Trump when people like Putin are nice to him he gives them what they want when decent but concerned people call him out he shits on them Interesting huh VoteBlueToEndThisNightmare,https://twitter.com/TaliesinTallyho/status/1313914990831697920,0.4166666666666667
2020-10-07 18:51:59,thatxxv,us,1313914990852796419,@IndigoSvn @theemilli @queen_Td7 @Ace_Brav @Jasonslyric___ trump says the same shit and then does harmful things. anyone can say anything.,Td7 Brav trump says the same shit and then does harmful things anyone can say anything,https://twitter.com/thatxxv/status/1313914990852796419,-0.1
2020-10-07 18:51:59,mimbasinger,None,1313914990869581825,@RevChuckCurrie @JoeBiden @joshuadubois @Nelba_MG @Faith2020US @johnlundin @RevJenButler @sr_simone @SusanWTurnbull @DerrickHarkins @joelockhart @RabbiJill I am a Christian who voted against Trump in 2016 and this year I am happy to be voting for @JoeBiden and @KamalaHarris! #BidenHarris2020,MG simone I am a Christian who voted against Trump in 2016 and this year I am happy to be voting for and BidenHarris2020,https://twitter.com/mimbasinger/status/1313914990869581825,0.4
2020-10-07 18:51:59,Gracie73251642,None,1313914991263854592,@WarPigg62 @pmcagney @dougbusch @BarackObama @JoeBiden You said that right most of us republicans states are out here working every day and the democrat states are setting at home because they want open up Then they want to blame Trump they blame Trump for everything,You said that right most of us republicans states are out here working every day and the democrat states are setting at home because they want open up Then they want to blame Trump they blame Trump for everything,https://twitter.com/Gracie73251642/status/1313914991263854592,0.2619047619047619
2020-10-07 18:51:59,Jose_Aguila03,None,1313914991477575681,Him and ALL trump supporters are certified clowns,Him and ALL trump supporters are certified clowns,https://twitter.com/Jose_Aguila03/status/1313914991477575681,0.0
2020-10-07 18:52:00,ppbenson,None,1313914994359259137,@realDonaldTrump No more forest fires?? Itâ€™s Smokey the Trump!!,No more forest fires It s Smokey the Trump,https://twitter.com/ppbenson/status/1313914994359259137,-0.25
2020-10-07 18:52:00,pattracy2,us,1313914994447265794,"@JoeBrunoWSOC9 Just as soon as Ivana, Marla and Melania tell Trump to drop out of the race.",Just as soon as Ivana Marla and Melania tell Trump to drop out of the race,https://twitter.com/pattracy2/status/1313914994447265794,0.0
2020-10-07 18:52:00,guinwhite,us,1313914994707267584,Trump administration will open 1000+ year-old  Chaco Canyon to oil and gas drilling https://t.co/en37WdXdno,Trump administration will open 1000 year old Chaco Canyon to oil and gas drilling,https://twitter.com/guinwhite/status/1313914994707267584,0.05
2020-10-07 18:52:00,Bluefreak92,us,1313914994921267203,"We all deserve quality health care. But, amidst a raging pandemic &amp; economic crisis, Trump &amp; the GOP are focusing on their SCOTUS power grab so that they can gut the ACA and take away our health care. We have the power to stop them. #WeNeedHealthcareToo

https://t.co/jQWrhUnHps",We all deserve quality health care But amidst a raging pandemic amp economic crisis Trump amp the GOP are focusing on their SCOTUS power grab so that they can gut the ACA and take away our health care We have the power to stop them WeNeedHealthcareToo,https://twitter.com/Bluefreak92/status/1313914994921267203,0.2
2020-10-07 18:52:00,KristenM777,us,1313914995579600896,@realDonaldTrump Trump is trying to avoid prison. https://t.co/i0BqrP1Kuu,Trump is trying to avoid prison,https://twitter.com/KristenM777/status/1313914995579600896,0.0
2020-10-07 18:52:00,5gentexan,us,1313914995659419652,"@dangainor polls are trash.  They are propaganda.  I was texted by Biden's campaign and after I made clear that I was voting for Trump, they thanked me but said my answers weren't acceptable for that poll.",polls are trash They are propaganda I was texted by Biden s campaign and after I made clear that I was voting for Trump they thanked me but said my answers weren t acceptable for that poll,https://twitter.com/5gentexan/status/1313914995659419652,6.938893903907228e-18
2020-10-07 18:52:00,court_woodards,us,1313914995428782081,@Wyatt_Schmidt15 @DgGuillory @ProphetDN @bbylayaaa Democratic cities have consistently asked Trump not to interfere with any civil unrest matters. Don't make stuff up to prove a non-existent point.,Schmidt15 Democratic cities have consistently asked Trump not to interfere with any civil unrest matters Don t make stuff up to prove a non existent point,https://twitter.com/court_woodards/status/1313914995428782081,0.25
2020-10-07 18:52:01,niightingale15,None,1313914996066316290,Trump really spread Covid to 24 people and counting. Yâ€™all... yâ€™all. I cannot.,Trump really spread Covid to 24 people and counting Y all y all I cannot,https://twitter.com/niightingale15/status/1313914996066316290,0.2
2020-10-07 18:52:01,photos_floues,None,1313914995994955787,"Â« California Congressman Jared Huffman cited two tweets with contradictory messages (...) Huffman concluded that â€œTrump is not well. And there is no one around him who is able to question him at this point. I am genuinely worried.â€ Â»

https://t.co/fiF2eVdmly",California Congressman Jared Huffman cited two tweets with contradictory messages Huffman concluded that Trump is not well And there is no one around him who is able to question him at this point I am genuinely worried,https://twitter.com/photos_floues/status/1313914995994955787,0.45
2020-10-07 18:52:01,viktordevonne,ca,1313914996120723456,"this should be instant recall, ""Thursday of course,"" ""3pm on Sunday.""  any answer otherwise means he wasn't tested in recent enough memory.  ""a bunch of records."" fuck you.",this should be instant recall Thursday of course 3pm on Sunday any answer otherwise means he wasn t tested in recent enough memory a bunch of records fuck you,https://twitter.com/viktordevonne/status/1313914996120723456,-0.1
2020-10-07 18:52:01,yaya28989,None,1313914998515658752,"@RepMattGaetz @BarackObama @JoeBiden @HillaryClinton Shouldnâ€™t you be packing for Parentâ€™s Weekend at Nestorâ€™s school or going to give Trump, your one true love, a foot massage? Stop spewing garbage.",Shouldn t you be packing for Parent s Weekend at Nestor s school or going to give Trump your one true love a foot massage Stop spewing garbage,https://twitter.com/yaya28989/status/1313914998515658752,0.425
2020-10-07 18:52:01,teresahillbooks,us,1313914999170043907,"Hmm. Apparently, Trump is encouraging his supporters to vote by mail!

That's right.

I guess when his supporters do it, it's not full of cheating &amp; election stealing.",Hmm Apparently Trump is encouraging his supporters to vote by mail That s right I guess when his supporters do it it s not full of cheating amp election stealing,https://twitter.com/teresahillbooks/status/1313914999170043907,0.05357142857142857
2020-10-07 18:52:01,naima,None,1313914999841132544,"We had a whole show planned out for this week and that alllll went out the window at 1am on Friday morning!!
WATCH or listen (you should watch), and mine and @carronJphillips' twitter doors are open.",We had a whole show planned out for this week and that alllll went out the window at 1am on Friday morning WATCH or listen you should watch and mine and twitter doors are open,https://twitter.com/naima/status/1313914999841132544,0.1
2020-10-07 18:52:02,honeycombsofwar,us,1313915000017358850,PRESIDENT Trump I believe is keeping very close taps on Michigan,PRESIDENT Trump I believe is keeping very close taps on Michigan,https://twitter.com/honeycombsofwar/status/1313915000017358850,0.2
2020-10-07 18:52:02,ourroseylife,us,1313915000327675910,"@gtconway3d @jaketapper No one has a spine when it comes to Trump.  No one tells him ""NO!""",No one has a spine when it comes to Trump No one tells him NO,https://twitter.com/ourroseylife/status/1313915000327675910,0.0
2020-10-07 18:52:02,cafenetamerica,None,1313915000738603008,Court rules Trump canâ€™t block grand jury subpoena for his tax returns https://t.co/iwBUHVqqmp,Court rules Trump can t block grand jury subpoena for his tax returns,https://twitter.com/cafenetamerica/status/1313915000738603008,0.5
2020-10-07 18:52:02,RLatimer6,None,1313915002680614913,"@michael_muscato GOP Senators supported Trump who lied to America. 212,000 Americans are dead. VOTE THEM OUT.. Az it starts today 7 early voting sites are open https://t.co/OcVq4qLGId",muscato GOP Senators supported Trump who lied to America 212 000 Americans are dead VOTE THEM OUT Az it starts today 7 early voting sites are open,https://twitter.com/RLatimer6/status/1313915002680614913,-0.03333333333333333
2020-10-07 18:52:02,LiquidityL,us,1313915002819149824,U.S. stock futures turn higher after Trump appears to change course on stimulus https://t.co/x13TphfaZ1 #stockmarket #stocks #finance #news,U S stock futures turn higher after Trump appears to change course on stimulus stockmarket stocks finance news,https://twitter.com/LiquidityL/status/1313915002819149824,0.25
2020-10-07 18:52:02,greytfriend,None,1313915002957574144,@toledonews Healthcare: the lawsuit Trump/Pence brought to end ACA and the state of the â€œGOP planâ€ to replace it,Healthcare the lawsuit Trump Pence brought to end ACA and the state of the GOP plan to replace it,https://twitter.com/greytfriend/status/1313915002957574144,0.0
2020-10-07 18:52:02,d_teri1,None,1313915002802372612,Medical expert says Trump still has â€˜a significant chance of dyingâ€™ after his doctor says president is feeling great #SmartNews â¦@realDonaldTrumpâ©  https://t.co/zOdvtcMSQW,Medical expert says Trump still has a significant chance of dying after his doctor says president is feeling great SmartNews,https://twitter.com/d_teri1/status/1313915002802372612,0.39166666666666666
2020-10-07 18:52:02,Repr00f,None,1313915003079098370,The trump admin let sex offenders go because it was too busy seperating babies from parents at the border. https://t.co/PsnMs41QiR,The trump admin let sex offenders go because it was too busy seperating babies from parents at the border,https://twitter.com/Repr00f/status/1313915003079098370,0.1
2020-10-07 18:52:02,News247WP_break,gb,1313915003775442946,#BREAKING: The Trump administration is exploring restrictions on China-based Tencent and billionaire Jack Maâ€™s AntÂ Group https://t.co/FPqommpyKT,BREAKING The Trump administration is exploring restrictions on China based Tencent and billionaire Jack Ma s Ant Group,https://twitter.com/News247WP_break/status/1313915003775442946,0.0
2020-10-07 18:52:02,jmedoom,us,1313915003997749249,@krystalball Like Donald Trump's going to leave office if he loses.,Like Donald Trump s going to leave office if he loses,https://twitter.com/jmedoom/status/1313915003997749249,-0.3
2020-10-07 18:52:03,DemsH8USA,us,1313915004496809989,"@donnabrazile Yes, so he can accurately tell millions of viewers that the Democrat Party is holding up relief for Americans because they want to inflict financial pain on the electorate, thinking aid would help President Trump. 
#Trump2020 #DemocratsAreFascists",Yes so he can accurately tell millions of viewers that the Democrat Party is holding up relief for Americans because they want to inflict financial pain on the electorate thinking aid would help President Trump Trump2020 DemocratsAreFascists,https://twitter.com/DemsH8USA/status/1313915004496809989,0.20000000000000004
2020-10-07 18:52:03,collipriest,us,1313915004811272192,Somethings up with Trump and it does not sound good.,Somethings up with Trump and it does not sound good,https://twitter.com/collipriest/status/1313915004811272192,0.24999999999999997
2020-10-07 18:52:03,ThePrincipled1,None,1313915006946140160,"@MattWalshBlog There are a lot of republicans that canâ€™t stand Trump as a person. 

I am one of them.",There are a lot of republicans that can t stand Trump as a person I am one of them,https://twitter.com/ThePrincipled1/status/1313915006946140160,0.0
2020-10-07 18:52:03,Commons87100891,None,1313915006841483264,"IN THE OLD DAYS WHEN TROUBLE TIMES CAME ABOUT, IT WAS SAID, ""WHAT WOULD CHRIST DO!""

WOULD HE FOLLOW A LIAR?WOULD HE HARM CHILDREN?
WOULD HE SOW DIVISION?
WOULD HE SOW THE HATE OF STRANGERS?
WOULD HE SOW MURDERS?

NO, CHRIST WOULD NOT!

BUT THIS MAN TRUMP HAS!

COMMON SENSE",IN THE OLD DAYS WHEN TROUBLE TIMES CAME ABOUT IT WAS SAID WHAT WOULD CHRIST DO WOULD HE FOLLOW A LIAR WOULD HE HARM CHILDREN WOULD HE SOW DIVISION WOULD HE SOW THE HATE OF STRANGERS WOULD HE SOW MURDERS NO CHRIST WOULD NOT BUT THIS MAN TRUMP HAS COMMON SENSE,https://twitter.com/Commons87100891/status/1313915006841483264,-0.3
2020-10-07 18:52:03,CEOofLightning,None,1313915007172710401,@CEOofmac Donald trump would probably be dead before that and Biden donâ€™t give a fuck he just like trump but in different party,Donald trump would probably be dead before that and Biden don t give a fuck he just like trump but in different party,https://twitter.com/CEOofLightning/status/1313915007172710401,-0.20000000000000004
2020-10-07 18:52:03,ernieschell,us,1313915007210598406,"How Trump Could Win Again, Even if He Loses https://t.co/HRgIKbOMQT",How Trump Could Win Again Even if He Loses,https://twitter.com/ernieschell/status/1313915007210598406,0.25
2020-10-07 18:52:03,10acious_Diva,us,1313915007264940033,@jfull1914 It still is a debate. It has the black community questioning: whatâ€™s in it for them? Voting for Biden just to vote Trump out isnâ€™t enough for some folks.,It still is a debate It has the black community questioning what s in it for them Voting for Biden just to vote Trump out isn t enough for some folks,https://twitter.com/10acious_Diva/status/1313915007264940033,-0.08333333333333333
2020-10-07 18:52:03,popeye4__,au,1313915006782644224,"Norman Swan (who claims to be a doctor on #theirABC) is a well known President Trump hater. If President Trump made a statement in favour of oxygen, Norman Swan would disagree. https://t.co/J7ejhuKPez",Norman Swan who claims to be a doctor on theirABC is a well known President Trump hater If President Trump made a statement in favour of oxygen Norman Swan would disagree,https://twitter.com/popeye4__/status/1313915006782644224,0.0
2020-10-07 18:52:03,0bama_gate,None,1313915007026057218,"It appears Speaker Pelosi and Rep Cohen are more concerned with who will get credit for giving stimulus cks to Americans, than helping.
https://t.co/PeyPQW3t5Z
It was reported Nancy was just on Fox with same message.  Can Dems forget  about childish antics and help Americans?",It appears Speaker Pelosi and Rep Cohen are more concerned with who will get credit for giving stimulus cks to Americans than helping It was reported Nancy was just on Fox with same message Can Dems forget about childish antics and help Americans,https://twitter.com/0bama_gate/status/1313915007026057218,0.09999999999999999
2020-10-07 18:52:03,robram1931,us,1313915007692931072,I'm voting for Donald Trump because I haven't been to the office since March. That ends Monday. I'd like to continue working from and donny will help with.,I m voting for Donald Trump because I haven t been to the office since March That ends Monday I d like to continue working from and donny will help with,https://twitter.com/robram1931/status/1313915007692931072,0.0
2020-10-07 18:52:04,crunk2158,us,1313915008514887680,@joangrande Probably by the KKK leader name Trump.,Probably by the KKK leader name Trump,https://twitter.com/crunk2158/status/1313915008514887680,0.0
2020-10-07 18:52:04,3White6Dragon9,None,1313915008477270016,"@Hehasnosoul @lisafirminr @HKrassenstein @realDonaldTrump SO you're proud of the fact that Nancypants is hurting average Americans in order to push her agenda, which we all know is the Green New Deal and the ""New Normal"" which is masks and social distancing 24-7?
 Well, I'm not surprised, never mind.
 Enjoy 8 more years of Trump!",SO you re proud of the fact that Nancypants is hurting average Americans in order to push her agenda which we all know is the Green New Deal and the New Normal which is masks and social distancing 24 7 Well I m not surprised never mind Enjoy 8 more years of Trump,https://twitter.com/3White6Dragon9/status/1313915008477270016,0.1756060606060606
2020-10-07 18:52:04,HoboCopland,None,1313915011178409993,@SteveSchmidtSES @realDonaldTrump @reedgalen @stuartpstevens @TheRickWilson @ProjectLincoln @Rasmussen_Poll Most attention youâ€™ve gotten in your entire life. You should be thanking Trump.,Poll Most attention you ve gotten in your entire life You should be thanking Trump,https://twitter.com/HoboCopland/status/1313915011178409993,0.25
2020-10-07 18:52:04,RedInTheHead80,us,1313915011371331584,@DC_Draino I just don't buy the bad debate hurt Trump crap.  You telling me people are more upset about a bad debate performance then the Left burning cities down and demanding war on police?  Bull Freaking Crap.  Quit paying attention to these polls that are meant to discourage.,Draino I just don t buy the bad debate hurt Trump crap You telling me people are more upset about a bad debate performance then the Left burning cities down and demanding war on police Bull Freaking Crap Quit paying attention to these polls that are meant to discourage,https://twitter.com/RedInTheHead80/status/1313915011371331584,-0.37936507936507935
2020-10-07 18:52:04,ChrisSolonia,None,1313915012243574784,"Vote these scumbags out!
Trump 2020!!!",Vote these scumbags out Trump 2020,https://twitter.com/ChrisSolonia/status/1313915012243574784,0.0
2020-10-07 18:52:04,Jackrfly1,None,1313915012440784898,Jim here's a novel idea!! https://t.co/9TuJAChMmZ,Jim here s a novel idea,https://twitter.com/Jackrfly1/status/1313915012440784898,0.0
2020-10-07 18:52:05,shalomisnow,None,1313915012591898629,"Let's keep pushing it up, patriots for sanity &amp; Biden.",Let s keep pushing it up patriots for sanity amp Biden,https://twitter.com/shalomisnow/status/1313915012591898629,0.0
2020-10-07 18:52:05,DrBigswolePhD,us,1313915012608667648,@HKrassenstein @realDonaldTrump Yeah because once Joe's in office everything is just going to magically get better you're just as delusional as Trump supporters,Yeah because once Joe s in office everything is just going to magically get better you re just as delusional as Trump supporters,https://twitter.com/DrBigswolePhD/status/1313915012608667648,0.5
2020-10-07 18:52:05,NYkrinDC,us,1313915012654739458,@slimjimtuc @SaraCarterDC @SidneyPowell1 The report also offers new proof that former national security adviser Michael Flynn lied about his conversations with Russiaâ€™s ambassador to the United States https://t.co/wYOQPGvo0G,The report also offers new proof that former national security adviser Michael Flynn lied about his conversations with Russia s ambassador to the United States,https://twitter.com/NYkrinDC/status/1313915012654739458,0.07878787878787878
2020-10-07 18:52:05,knottycelts,None,1313915012793106432,"@stevetursi I'm reminded of elementary school: ""It's so funny I forgot to laugh.""

(TBH, most things that touch on Trump remind me of elementary school, sometimes preschool)",I m reminded of elementary school It s so funny I forgot to laugh TBH most things that touch on Trump remind me of elementary school sometimes preschool,https://twitter.com/knottycelts/status/1313915012793106432,0.33
2020-10-07 18:52:05,cabinfeversux,us,1313915012600287237,And every other 45 supporter. https://t.co/xF2csUb7ce,And every other 45 supporter,https://twitter.com/cabinfeversux/status/1313915012600287237,-0.125
2020-10-07 18:52:05,TheCyanPost,us,1313915012667195392,"Even if state polls are underestimating Trump as much as they did in 2016, Biden is in position to win https://t.co/35LXhgzSpC #FauciHero https://t.co/L4ARNHJg3o",Even if state polls are underestimating Trump as much as they did in 2016 Biden is in position to win FauciHero,https://twitter.com/TheCyanPost/status/1313915012667195392,0.5
2020-10-07 18:52:05,Yeti_Abides,us,1313915013367652352,BREAKING: Location &amp; Cause of Next California Wildfire Revealed #CaliforniaFires,BREAKING Location amp Cause of Next California Wildfire Revealed CaliforniaFires,https://twitter.com/Yeti_Abides/status/1313915013367652352,0.0
2020-10-07 18:52:05,Dunkel_Ed,None,1313915015531884544,"@BMcG_33 @NateSilver538 In one outlier poll only, most had it 2-3% which matched the actual results, with high undecideds which broke late for Trump",33 In one outlier poll only most had it 2 3 which matched the actual results with high undecideds which broke late for Trump,https://twitter.com/Dunkel_Ed/status/1313915015531884544,0.07200000000000001
2020-10-07 18:52:05,gabykarluh,us,1313915016186269697,thinking abt the day trump got elected and Mr.Morgan cried during first period ðŸ¥º,thinking abt the day trump got elected and Mr Morgan cried during first period,https://twitter.com/gabykarluh/status/1313915016186269697,0.25
2020-10-07 18:52:05,JustNoreen,None,1313915016043610113,"@J_Mei21 @MeidasTouch Trump sold his soul to the Devil a long time ago and he knows it. Now the Devil wants payment, so Trump is collecting more souls. Donâ€™t let Trump take your soul!God speaks to your heart, the Devil whispers in your ear. America, open your heart!",Mei21 Trump sold his soul to the Devil a long time ago and he knows it Now the Devil wants payment so Trump is collecting more souls Don t let Trump take your soul God speaks to your heart the Devil whispers in your ear America open your heart,https://twitter.com/JustNoreen/status/1313915016043610113,0.1625
2020-10-07 18:52:05,CoolDemocrat,us,1313915016173813761,Does Trump remind you of a mob boss! Yes or No.,Does Trump remind you of a mob boss Yes or No,https://twitter.com/CoolDemocrat/status/1313915016173813761,0.0
2020-10-07 18:52:05,Ruth85306081,us,1313915016299646977,Trump CAUGHT Staging Photos At Walter Reed Medical Center https://t.co/FHbBV5xnz4 via @YouTube,Trump CAUGHT Staging Photos At Walter Reed Medical Center via,https://twitter.com/Ruth85306081/status/1313915016299646977,-0.05
2020-10-07 18:52:06,DogMitzie,None,1313915017008492544,"To @realDonaldTrump 
Here. Read this...",To Here Read this,https://twitter.com/DogMitzie/status/1313915017008492544,0.0
2020-10-07 18:52:06,secxcee,us,1313915019566997504,Idk but I just feel like Trump getting COVID might not have been genuine,Idk but I just feel like Trump getting COVID might not have been genuine,https://twitter.com/secxcee/status/1313915019566997504,0.4
2020-10-07 18:52:06,liltaybigworld,None,1313915019571023873,u ever love a house so much and maybe swerve a lil bit every time u drive past cause u canâ€™t help but stare and then one day it has a huge trump flag outside of it......Pain,u ever love a house so much and maybe swerve a lil bit every time u drive past cause u can t help but stare and then one day it has a huge trump flag outside of it Pain,https://twitter.com/liltaybigworld/status/1313915019571023873,0.17
2020-10-07 18:52:06,1nickk_,us,1313915019898298368,how u gay and support trump,how u gay and support trump,https://twitter.com/1nickk_/status/1313915019898298368,0.4166666666666667
2020-10-07 18:52:06,ChaseAntina,None,1313915019893960704,"@MsAvaArmstrong BREAKING: Joe Biden is the subject of an active federal criminal investigation into his role in the counterintelligence investigation directed @ the Trump campaign during the 2016 election, incl the former vice president's activities in Ukraine.Ukrainian witnesses are cooperating",BREAKING Joe Biden is the subject of an active federal criminal investigation into his role in the counterintelligence investigation directed the Trump campaign during the 2016 election incl the former vice president s activities in Ukraine Ukrainian witnesses are cooperating,https://twitter.com/ChaseAntina/status/1313915019893960704,-0.175
2020-10-07 18:52:06,ty6770,None,1313915020317806594,Trump out here getting absolutely butchered by @SteveSchmidtSES,Trump out here getting absolutely butchered by,https://twitter.com/ty6770/status/1313915020317806594,0.2
2020-10-07 18:52:07,B3llaEv3,us,1313915021064196097,ICE arrests 128 illegal immigrants in Calif.; 96 percent had criminal charges or convictions https://t.co/v0ed3iOPgG #FoxNews THANK YOU TO @DHSgov YOUR WORK IS GREATLY APPRECIATED ~ Latina Voter For Trump :),ICE arrests 128 illegal immigrants in Calif 96 percent had criminal charges or convictions FoxNews THANK YOU TO YOUR WORK IS GREATLY APPRECIATED Latina Voter For Trump,https://twitter.com/B3llaEv3/status/1313915021064196097,-0.2333333333333333
2020-10-07 18:52:07,1BAD_adDiXSHON,None,1313915021353717763,I know a few that swear by him and I have no idea why....after everything.,I know a few that swear by him and I have no idea why after everything,https://twitter.com/1BAD_adDiXSHON/status/1313915021353717763,-0.2
2020-10-07 18:52:07,ElisaCardnell,us,1313915020955332611,Polls don't vote - people do. #VoteLikeYourLifeDependsOnIt #VOTE,Polls don t vote people do VoteLikeYourLifeDependsOnIt VOTE,https://twitter.com/ElisaCardnell/status/1313915020955332611,0.0
